word	female	male	total	skewness	pct_f	pct_m	chi2	p	pmi_f	pmi_m
zaina	4	0	4	1.0	0.025	0.0	12.232631274402536	0.000469609244103002	2.394033895367782	-inf
esposo	3	0	3	1.0	0.01875	0.0	8.082264123587791	0.0044700562833325875	2.394033895367782	-inf
mister	1	0	1	0.0	0.0	0.0	0.0	0.0	2.394033895367782	-inf
terreno	1	0	1	0.0	0.0	0.0	0.0	0.0	2.394033895367782	-inf
fabiana	52	0	52	1.0	0.325	0.0	230.34228696272547	5.0199078283008445e-52	2.394033895367782	-inf
filha	41	8	49	0.91233176945995	0.25625	0.011747430249632892	136.7381115346376	1.375851598260855e-31	2.1368760558706574	-2.3102588418721353
lacuna	12	0	12	1.0	0.075	0.0	46.61917968503214	8.62122990291405e-12	2.394033895367782	-inf
formação	12	0	12	1.0	0.075	0.0	46.61917968503214	8.62122990291405e-12	2.394033895367782	-inf
patrícia	28	1	29	0.9833576034949031	0.175	0.0014684287812041115	112.02920345932976	3.520856350224519e-26	2.3434078222978143	-4.553529992884499
advogado	8	9	17	0.5818815331010453	0.05	0.013215859030837005	7.091475186935605	0.007745146827235208	1.3065710541174422	-0.6130868375649543
protagonista	4	0	4	1.0	0.025	0.0	12.232631274402536	0.000469609244103002	2.394033895367782	-inf
argumento	4	4	8	0.619500594530321	0.025	0.005873715124816446	3.2050847903175588	0.07340970358263582	1.3940338953677818	-0.6955489977569271
afeto	4	0	4	1.0	0.025	0.0	12.232631274402536	0.000469609244103002	2.394033895367782	-inf
carol	14	7	21	0.7897503285151117	0.0875	0.010279001468428781	28.639782317504874	8.717274649784282e-08	1.8090713946466257	-1.2805114984780832
exemplo	4	2	6	0.7897503285151118	0.025	0.002936857562408223	6.061157718062407	0.013818706563698773	1.8090713946466257	-1.2805114984780834
bacharel	2	1	3	0.7897503285151118	0.0125	0.0014684287812041115	1.875087732815178	0.1708935108822436	1.8090713946466257	-1.2805114984780834
cuidado	2	1	3	0.7897503285151118	0.0125	0.0014684287812041115	1.875087732815178	0.1708935108822436	1.8090713946466257	-1.2805114984780834
volição	2	1	3	0.7897503285151118	0.0125	0.0014684287812041115	1.875087732815178	0.1708935108822436	1.8090713946466257	-1.2805114984780834
sereia	11	1	12	0.9581754019082473	0.06875	0.0014684287812041115	37.05203513875124	1.1501847103490344e-09	2.268503013283923	-3.280511498478084
maria	14	0	14	1.0	0.0875	0.0	55.36888167271547	9.990558063221627e-14	2.394033895367782	-inf
ver	5	3	8	0.752895752895753	0.03125	0.004405286343612335	7.265006126693517	0.007031102902913063	1.7159619902551446	-1.1105864970357706
bruxa	6	0	6	1.0	0.0375	0.0	20.699393614111724	5.373301534703215e-06	2.394033895367782	-inf
morte	5	0	5	1.0	0.03125	0.0	16.44734437959323	5.002020277972814e-05	2.394033895367782	-inf
jair	6	17	23	0.20070526006464884	0.0375	0.024963289280469897	0.3667505956808881	0.5447808214838106	0.45543444003192524	-0.1316481125636003
jéssica	6	10	16	0.4372142103411889	0.0375	0.014684287812041116	2.494625564740188	0.11423554220596124	0.9789963960889383	-0.37362090286956456
deixar	2	1	3	0.7897503285151118	0.0125	0.0014684287812041115	1.875087732815178	0.1708935108822436	1.8090713946466257	-1.2805114984780834
primogênita	4	2	6	0.7897503285151118	0.025	0.002936857562408223	6.061157718062407	0.013818706563698773	1.8090713946466257	-1.2805114984780834
filme	2	1	3	0.7897503285151118	0.0125	0.0014684287812041115	1.875087732815178	0.1708935108822436	1.8090713946466257	-1.2805114984780834
voltar	13	0	13	1.0	0.08125	0.0	50.98799233618541	9.293273266621036e-13	2.394033895367782	-inf
deus	13	0	13	1.0	0.08125	0.0	50.98799233618541	9.293273266621036e-13	2.394033895367782	-inf
brigitte	3	1	4	0.8547435315478892	0.01875	0.0014684287812041115	4.931002258153332	0.026379013764342207	1.9789963960889385	-1.6955489977569271
haver	2	2	4	0.619500594530321	0.0125	0.002936857562408223	0.8904831742809612	0.34534640585728227	1.3940338953677818	-0.6955489977569271
criança	22	6	28	0.8795634173880315	0.1375	0.00881057268722467	62.726916035505624	2.3744835889704186e-15	2.046110591947475	-1.917941419093375
segmento	2	0	2	1.0	0.0125	0.0	4.077346249523065	0.043461867272583686	2.394033895367782	-inf
sala	3	3	6	0.619500594530321	0.01875	0.004405286343612335	2.0109607441687842	0.15616639499952883	1.3940338953677818	-0.6955489977569269
projeção	2	0	2	1.0	0.0125	0.0	4.077346249523065	0.043461867272583686	2.394033895367782	-inf
desenrolar	2	0	2	1.0	0.0125	0.0	4.077346249523065	0.043461867272583686	2.394033895367782	-inf
trama	2	0	2	1.0	0.0125	0.0	4.077346249523065	0.043461867272583686	2.394033895367782	-inf
tela	2	0	2	1.0	0.0125	0.0	4.077346249523065	0.043461867272583686	2.394033895367782	-inf
cena	2	0	2	1.0	0.0125	0.0	4.077346249523065	0.043461867272583686	2.394033895367782	-inf
cotidiano	2	0	2	1.0	0.0125	0.0	4.077346249523065	0.043461867272583686	2.394033895367782	-inf
processo	2	0	2	1.0	0.0125	0.0	4.077346249523065	0.043461867272583686	2.394033895367782	-inf
mostrar	1	0	1	0.0	0.0	0.0	0.0	0.0	2.394033895367782	-inf
realidade	1	0	1	0.0	0.0	0.0	0.0	0.0	2.394033895367782	-inf
mãe	8	59	67	-0.2681354110693175	0.05	0.08663729809104258	1.8985168096008291	0.16824442921509222	-0.6720552950899906	0.12100486114714187
figura	4	26	30	-0.20859965136548514	0.025	0.0381791483113069	0.3271497914482581	0.5673422335917205	-0.5128567002407367	0.0980001247756466
mulher	4	40	44	-0.40289346777729057	0.025	0.05873715124816446	2.3326699929527526	0.12668441945932557	-1.0653977232695155	0.16694747849313807
necessidade	2	27	29	-0.5205913410770856	0.0125	0.039647577092511016	2.1105078698604998	0.14629075975421021	-1.46394709975979	0.20135750927896956
avó	15	0	15	1.0	0.09375	0.0	59.76158894323647	1.0707282049549607e-14	2.394033895367782	-inf
tia	14	13	27	0.6418116066815912	0.0875	0.01908957415565345	17.373355873331782	3.0710099013194795e-05	1.4465013152619175	-0.7499967817793036
filho	2	19	21	-0.3811903680145388	0.0125	0.027900146842878122	0.7087804687513325	0.3998489642147667	-0.9982835274109788	0.16006109290789836
compra	2	0	2	1.0	0.0125	0.0	4.077346249523065	0.043461867272583686	2.394033895367782	-inf
imperatriz	2	0	2	1.0	0.0125	0.0	4.077346249523065	0.043461867272583686	2.394033895367782	-inf
rua	4	3	7	0.700374531835206	0.025	0.004405286343612335	4.3961889051534095	0.03601933752184391	1.5866789733101778	-0.9179414190933748
nova	2	0	2	1.0	0.0125	0.0	4.077346249523065	0.043461867272583686	2.394033895367782	-inf
ensurdecer	2	0	2	1.0	0.0125	0.0	4.077346249523065	0.043461867272583686	2.394033895367782	-inf
inquieto	2	0	2	1.0	0.0125	0.0	4.077346249523065	0.043461867272583686	2.394033895367782	-inf
ruído	2	0	2	1.0	0.0125	0.0	4.077346249523065	0.043461867272583686	2.394033895367782	-inf
solteirono	1	0	1	0.0	0.0	0.0	0.0	0.0	2.394033895367782	-inf
apaixonar	2	0	2	1.0	0.0125	0.0	4.077346249523065	0.043461867272583686	2.394033895367782	-inf
juliana	6	2	8	0.8547435315478892	0.0375	0.002936857562408223	12.963312225013903	0.00031765469414847926	1.9789963960889385	-1.6955489977569271
amigo	5	48	53	-0.3856562922868742	0.03125	0.07048458149779736	2.745762150772183	0.09751257240583973	-1.011958464308055	0.16149304840102996
enredo	2	4	6	0.3606393606393607	0.0125	0.005873715124816446	0.14004441969585063	0.7082368571016491	0.8090713946466255	-0.28051149847808343
fazer	2	4	6	0.3606393606393607	0.0125	0.005873715124816446	0.14004441969585063	0.7082368571016491	0.8090713946466255	-0.28051149847808343
moça	4	15	19	0.06323185011709602	0.025	0.022026431718061675	0.0	1.0	0.14610638192419617	-0.03658591559199397
falar	1	1	2	0.619500594530321	0.00625	0.0014684287812041115	0.046458915552656015	0.8293437543031312	1.3940338953677818	-0.6955489977569271
dona	6	0	6	1.0	0.0375	0.0	20.699393614111724	5.373301534703215e-06	2.394033895367782	-inf
destino	1	0	1	0.0	0.0	0.0	0.0	0.0	2.394033895367782	-inf
acompanhar	1	0	1	0.0	0.0	0.0	0.0	0.0	2.394033895367782	-inf
dupla	1	0	1	0.0	0.0	0.0	0.0	0.0	2.394033895367782	-inf
voar	1	1	2	0.619500594530321	0.00625	0.0014684287812041115	0.046458915552656015	0.8293437543031312	1.3940338953677818	-0.6955489977569271
fêmea	3	0	3	1.0	0.01875	0.0	8.082264123587791	0.0044700562833325875	2.394033895367782	-inf
frente	2	4	6	0.3606393606393607	0.0125	0.005873715124816446	0.14004441969585063	0.7082368571016491	0.8090713946466255	-0.28051149847808343
levantar se	1	0	1	0.0	0.0	0.0	0.0	0.0	2.394033895367782	-inf
senhora	4	32	36	-0.3054563997960224	0.025	0.04698972099853157	1.0394044889970446	0.3079600124566372	-0.7758911060745307	0.1345260008007606
quarentona	1	0	1	0.0	0.0	0.0	0.0	0.0	2.394033895367782	-inf
falava	1	0	1	0.0	0.0	0.0	0.0	0.0	2.394033895367782	-inf
moradora	1	0	1	0.0	0.0	0.0	0.0	0.0	2.394033895367782	-inf
ganhar	2	0	2	1.0	0.0125	0.0	4.077346249523065	0.043461867272583686	2.394033895367782	-inf
dolores	2	0	2	1.0	0.0125	0.0	4.077346249523065	0.043461867272583686	2.394033895367782	-inf
saber	2	1	3	0.7897503285151118	0.0125	0.0014684287812041115	1.875087732815178	0.1708935108822436	1.8090713946466257	-1.2805114984780834
mês	3	2	5	0.729157850190436	0.01875	0.002936857562408223	3.132622647725516	0.07674019364543248	1.6570683012015757	-1.0174770926442895
noiva	3	0	3	1.0	0.01875	0.0	8.082264123587791	0.0044700562833325875	2.394033895367782	-inf
crescer	3	0	3	1.0	0.01875	0.0	8.082264123587791	0.0044700562833325875	2.394033895367782	-inf
família	6	1	7	0.9246349505416864	0.0375	0.0014684287812041115	16.246684748252374	5.5606810847772195e-05	2.1716414740313343	-2.502903919814531
cláudio	3	13	16	-0.008974048023284014	0.01875	0.01908957415565345	0.0	1.0	-0.021003603911061697	0.004890720384165135
pedir	3	0	3	1.0	0.01875	0.0	8.082264123587791	0.0044700562833325875	2.394033895367782	-inf
telefonista	9	2	11	0.9007598077221274	0.05625	0.002936857562408223	24.546744268071482	7.252878573189081e-07	2.104527278172797	-2.1549806163942247
instituição	3	2	5	0.729157850190436	0.01875	0.002936857562408223	3.132622647725516	0.07674019364543248	1.6570683012015757	-1.0174770926442895
adiantar	1	0	1	0.0	0.0	0.0	0.0	0.0	2.394033895367782	-inf
mantenedora	1	0	1	0.0	0.0	0.0	0.0	0.0	2.394033895367782	-inf
ano	1	6	7	-0.17001828153564902	0.00625	0.00881057268722467	0.0	1.0	-0.41332102668982246	0.08205858090662521
boneca	3	0	3	1.0	0.01875	0.0	8.082264123587791	0.0044700562833325875	2.394033895367782	-inf
infância	1	0	1	0.0	0.0	0.0	0.0	0.0	2.394033895367782	-inf
enlaçar	1	0	1	0.0	0.0	0.0	0.0	0.0	2.394033895367782	-inf
namorada	1	0	1	0.0	0.0	0.0	0.0	0.0	2.394033895367782	-inf
trazer	3	2	5	0.729157850190436	0.01875	0.002936857562408223	3.132622647725516	0.07674019364543248	1.6570683012015757	-1.0174770926442895
menino	15	16	31	0.5992172211350293	0.09375	0.023494860499265784	16.087895272639596	6.046931768661666e-05	1.3467281805894253	-0.6497453081438023
menina	6	7	13	0.5697272378025354	0.0375	0.010279001468428781	4.646237598238008	0.031121688778816704	1.278556677947846	-0.5886337938404149
recife	3	1	4	0.8547435315478892	0.01875	0.0014684287812041115	4.931002258153332	0.026379013764342207	1.9789963960889385	-1.6955489977569271
grupo	3	0	3	1.0	0.01875	0.0	8.082264123587791	0.0044700562833325875	2.394033895367782	-inf
batir	1	0	1	0.0	0.0	0.0	0.0	0.0	2.394033895367782	-inf
molecada	1	0	1	0.0	0.0	0.0	0.0	0.0	2.394033895367782	-inf
superar	1	1	2	0.619500594530321	0.00625	0.0014684287812041115	0.046458915552656015	0.8293437543031312	1.3940338953677818	-0.6955489977569271
aurora	3	3	6	0.619500594530321	0.01875	0.004405286343612335	2.0109607441687842	0.15616639499952883	1.3940338953677818	-0.6955489977569269
altura	2	2	4	0.619500594530321	0.0125	0.002936857562408223	0.8904831742809612	0.34534640585728227	1.3940338953677818	-0.6955489977569271
prédio	2	2	4	0.619500594530321	0.0125	0.002936857562408223	0.8904831742809612	0.34534640585728227	1.3940338953677818	-0.6955489977569271
cumplicidade	2	0	2	1.0	0.0125	0.0	4.077346249523065	0.043461867272583686	2.394033895367782	-inf
virgínia	3	0	3	1.0	0.01875	0.0	8.082264123587791	0.0044700562833325875	2.394033895367782	-inf
carne	1	0	1	0.0	0.0	0.0	0.0	0.0	2.394033895367782	-inf
conhecer	1	3	4	0.17312661498708007	0.00625	0.004405286343612335	0.0	1.0	0.39403389536778183	-0.1105864970357707
petisqueira	1	0	1	0.0	0.0	0.0	0.0	0.0	2.394033895367782	-inf
delícia	2	2	4	0.619500594530321	0.0125	0.002936857562408223	0.8904831742809612	0.34534640585728227	1.3940338953677818	-0.6955489977569271
criançada	2	0	2	1.0	0.0125	0.0	4.077346249523065	0.043461867272583686	2.394033895367782	-inf
encantar se	1	0	1	0.0	0.0	0.0	0.0	0.0	2.394033895367782	-inf
colombino	1	0	1	0.0	0.0	0.0	0.0	0.0	2.394033895367782	-inf
moradia	2	0	2	1.0	0.0125	0.0	4.077346249523065	0.043461867272583686	2.394033895367782	-inf
musa	2	9	11	-0.027837259100642383	0.0125	0.013215859030837005	0.0	1.0	-0.06539772326951553	0.014944385048088156
caminhos	2	0	2	1.0	0.0125	0.0	4.077346249523065	0.043461867272583686	2.394033895367782	-inf
lili	2	0	2	1.0	0.0125	0.0	4.077346249523065	0.043461867272583686	2.394033895367782	-inf
reinar	1	0	1	0.0	0.0	0.0	0.0	0.0	2.394033895367782	-inf
majestade	3	0	3	1.0	0.01875	0.0	8.082264123587791	0.0044700562833325875	2.394033895367782	-inf
recordação	2	0	2	1.0	0.0125	0.0	4.077346249523065	0.043461867272583686	2.394033895367782	-inf
fã	2	0	2	1.0	0.0125	0.0	4.077346249523065	0.043461867272583686	2.394033895367782	-inf
fátima	2	0	2	1.0	0.0125	0.0	4.077346249523065	0.043461867272583686	2.394033895367782	-inf
cultivar	1	0	1	0.0	0.0	0.0	0.0	0.0	2.394033895367782	-inf
zefinha	2	0	2	1.0	0.0125	0.0	4.077346249523065	0.043461867272583686	2.394033895367782	-inf
planta	1	0	1	0.0	0.0	0.0	0.0	0.0	2.394033895367782	-inf
vir	1	1	2	0.619500594530321	0.00625	0.0014684287812041115	0.046458915552656015	0.8293437543031312	1.3940338953677818	-0.6955489977569271
parker	5	0	5	1.0	0.03125	0.0	16.44734437959323	5.002020277972814e-05	2.394033895367782	-inf
compactor	4	0	4	1.0	0.025	0.0	12.232631274402536	0.000469609244103002	2.394033895367782	-inf
calango	2	0	2	1.0	0.0125	0.0	4.077346249523065	0.043461867272583686	2.394033895367782	-inf
conversa	11	5	16	0.8070196598721505	0.06875	0.007342143906020558	22.99107691747458	1.627550762613305e-06	1.8534655140050793	-1.3736209028695647
patroa	2	0	2	1.0	0.0125	0.0	4.077346249523065	0.043461867272583686	2.394033895367782	-inf
impossível	1	10	11	-0.40289346777729057	0.00625	0.014684287812041116	0.21008180926549624	0.6467032903087209	-1.0653977232695155	0.16694747849313807
ode	2	0	2	1.0	0.0125	0.0	4.077346249523065	0.043461867272583686	2.394033895367782	-inf
gordinha	3	0	3	1.0	0.01875	0.0	8.082264123587791	0.0044700562833325875	2.394033895367782	-inf
juntar	1	0	1	0.0	0.0	0.0	0.0	0.0	2.394033895367782	-inf
magrela	1	0	1	0.0	0.0	0.0	0.0	0.0	2.394033895367782	-inf
arranha-céu	2	1	3	0.7897503285151118	0.0125	0.0014684287812041115	1.875087732815178	0.1708935108822436	1.8090713946466257	-1.2805114984780834
pracinha	5	1	6	0.9102384291725105	0.03125	0.0014684287812041115	12.290635341376719	0.0004552367376120633	2.130999489533988	-2.2805114984780834
edifício	1	4	5	0.03103709311127939	0.00625	0.005873715124816446	0.0	1.0	0.07210580048041927	-0.017477092644289507
esconder	1	0	1	0.0	0.0	0.0	0.0	0.0	2.394033895367782	-inf
gordota	1	0	1	0.0	0.0	0.0	0.0	0.0	2.394033895367782	-inf
pousada	2	0	2	1.0	0.0125	0.0	4.077346249523065	0.043461867272583686	2.394033895367782	-inf
encheu	1	0	1	0.0	0.0	0.0	0.0	0.0	2.394033895367782	-inf
rapaz	5	6	11	0.5601374570446735	0.03125	0.00881057268722467	3.4649237822837198	0.06268339631708772	1.256530371617847	-0.570018115673068
brilho	1	3	4	0.17312661498708007	0.00625	0.004405286343612335	0.0	1.0	0.39403389536778183	-0.1105864970357707
cantar	2	0	2	1.0	0.0125	0.0	4.077346249523065	0.043461867272583686	2.394033895367782	-inf
eliane	1	0	1	0.0	0.0	0.0	0.0	0.0	2.394033895367782	-inf
homem	3	7	10	0.29181157129307617	0.01875	0.010279001468428781	0.23453086732056802	0.6281844212935439	0.6570683012015756	-0.2101221705866853
fiar	1	0	1	0.0	0.0	0.0	0.0	0.0	2.394033895367782	-inf
prostituta	1	0	1	0.0	0.0	0.0	0.0	0.0	2.394033895367782	-inf
acrescentar	1	0	1	0.0	0.0	0.0	0.0	0.0	2.394033895367782	-inf
ana	2	0	2	1.0	0.0125	0.0	4.077346249523065	0.043461867272583686	2.394033895367782	-inf
carolina	2	0	2	1.0	0.0125	0.0	4.077346249523065	0.043461867272583686	2.394033895367782	-inf
catarina	18	0	18	1.0	0.1125	0.0	73.00902436929253	1.2905837901219311e-17	2.394033895367782	-inf
karina	11	0	11	1.0	0.06875	0.0	42.262810734578274	7.979559467345854e-11	2.394033895367782	-inf
agarrar se	1	0	1	0.0	0.0	0.0	0.0	0.0	2.394033895367782	-inf
permissão	3	0	3	1.0	0.01875	0.0	8.082264123587791	0.0044700562833325875	2.394033895367782	-inf
edir	7	0	7	1.0	0.04375	0.0	24.977224564354177	5.801155419153871e-07	2.394033895367782	-inf
amélia	6	0	6	1.0	0.0375	0.0	20.699393614111724	5.373301534703215e-06	2.394033895367782	-inf
doutoro	1	0	1	0.0	0.0	0.0	0.0	0.0	2.394033895367782	-inf
préstimo	2	0	2	1.0	0.0125	0.0	4.077346249523065	0.043461867272583686	2.394033895367782	-inf
colombiana	3	0	3	1.0	0.01875	0.0	8.082264123587791	0.0044700562833325875	2.394033895367782	-inf
imigrante	1	0	1	0.0	0.0	0.0	0.0	0.0	2.394033895367782	-inf
maysa	1	0	1	0.0	0.0	0.0	0.0	0.0	2.394033895367782	-inf
marca	4	2	6	0.7897503285151118	0.025	0.002936857562408223	6.061157718062407	0.013818706563698773	1.8090713946466257	-1.2805114984780834
lorenzetti	3	0	3	1.0	0.01875	0.0	8.082264123587791	0.0044700562833325875	2.394033895367782	-inf
chuveiro	1	0	1	0.0	0.0	0.0	0.0	0.0	2.394033895367782	-inf
temor	2	0	2	1.0	0.0125	0.0	4.077346249523065	0.043461867272583686	2.394033895367782	-inf
vento	1	0	1	0.0	0.0	0.0	0.0	0.0	2.394033895367782	-inf
passar	1	1	2	0.619500594530321	0.00625	0.0014684287812041115	0.046458915552656015	0.8293437543031312	1.3940338953677818	-0.6955489977569271
lavadeira	2	0	2	1.0	0.0125	0.0	4.077346249523065	0.043461867272583686	2.394033895367782	-inf
engomadeira	1	0	1	0.0	0.0	0.0	0.0	0.0	2.394033895367782	-inf
skoda	5	0	5	1.0	0.03125	0.0	16.44734437959323	5.002020277972814e-05	2.394033895367782	-inf
geladeira	2	0	2	1.0	0.0125	0.0	4.077346249523065	0.043461867272583686	2.394033895367782	-inf
carro	1	0	1	0.0	0.0	0.0	0.0	0.0	2.394033895367782	-inf
professora	2	0	2	1.0	0.0125	0.0	4.077346249523065	0.043461867272583686	2.394033895367782	-inf
verificar	1	0	1	0.0	0.0	0.0	0.0	0.0	2.394033895367782	-inf
máquina	1	2	3	0.3606393606393607	0.00625	0.002936857562408223	0.0	1.0	0.8090713946466255	-0.28051149847808343
tigre	4	0	4	1.0	0.025	0.0	12.232631274402536	0.000469609244103002	2.394033895367782	-inf
sertão	4	0	4	1.0	0.025	0.0	12.232631274402536	0.000469609244103002	2.394033895367782	-inf
recomendar	3	0	3	1.0	0.01875	0.0	8.082264123587791	0.0044700562833325875	2.394033895367782	-inf
bernarda	9	0	9	1.0	0.05625	0.0	33.589773571941734	6.80495570797179e-09	2.394033895367782	-inf
soledade	6	0	6	1.0	0.0375	0.0	20.699393614111724	5.373301534703215e-06	2.394033895367782	-inf
inês	8	0	8	1.0	0.05	0.0	29.275078707487946	6.279817127419816e-08	2.394033895367782	-inf
prenome	4	0	4	1.0	0.025	0.0	12.232631274402536	0.000469609244103002	2.394033895367782	-inf
esquecer	1	0	1	0.0	0.0	0.0	0.0	0.0	2.394033895367782	-inf
gabriela	8	0	8	1.0	0.05	0.0	29.275078707487946	6.279817127419816e-08	2.394033895367782	-inf
viúva	2	0	2	1.0	0.0125	0.0	4.077346249523065	0.043461867272583686	2.394033895367782	-inf
coronel	2	0	2	1.0	0.0125	0.0	4.077346249523065	0.043461867272583686	2.394033895367782	-inf
pedro	1	4	5	0.03103709311127939	0.00625	0.005873715124816446	0.0	1.0	0.07210580048041927	-0.017477092644289507
chefe	2	0	2	1.0	0.0125	0.0	4.077346249523065	0.043461867272583686	2.394033895367782	-inf
presidente	4	3	7	0.700374531835206	0.025	0.004405286343612335	4.3961889051534095	0.03601933752184391	1.5866789733101778	-0.9179414190933748
academia	2	0	2	1.0	0.0125	0.0	4.077346249523065	0.043461867272583686	2.394033895367782	-inf
tempo	0	119	119	-1.0	0.0	0.17474302496328928	31.14445755622575	2.3952227747219787e-08	-inf	0.30445100224307287
geraldo	0	84	84	-1.0	0.0	0.12334801762114538	20.57511861275885	5.733649246402232e-06	-inf	0.30445100224307314
fragmento	0	107	107	-1.0	0.0	0.15712187958883994	27.406652919083445	1.6486308614781684e-07	-inf	0.30445100224307287
memória	0	56	56	-1.0	0.0	0.08223201174743025	12.803718085693392	0.0003459311670199707	-inf	0.30445100224307287
meu	0	40	40	-1.0	0.0	0.05873715124816446	8.61323178254891	0.003337296209584927	-inf	0.30445100224307314
gonzalo	0	7	7	-1.0	0.0	0.010279001468428781	0.6469046132665924	0.42122153981261423	-inf	0.30445100224307287
romero	0	4	4	-1.0	0.0	0.005873715124816446	0.1110740227854269	0.738924673793631	-inf	0.30445100224307287
genro	0	2	2	-1.0	0.0	0.002936857562408223	0.0	1.0	-inf	0.30445100224307287
pai	0	81	81	-1.0	0.0	0.11894273127753303	19.714725278802586	8.990592300969307e-06	-inf	0.30445100224307314
nilo	0	10	10	-1.0	0.0	0.014684287812041116	1.2921822405046905	0.2556461807086502	-inf	0.30445100224307314
humor	0	2	2	-1.0	0.0	0.002936857562408223	0.0	1.0	-inf	0.30445100224307287
precisão	0	2	2	-1.0	0.0	0.002936857562408223	0.0	1.0	-inf	0.30445100224307287
costume	0	2	2	-1.0	0.0	0.002936857562408223	0.0	1.0	-inf	0.30445100224307287
dizer	0	5	5	-1.0	0.0	0.007342143906020558	0.26593541690818434	0.6060714542353747	-inf	0.30445100224307314
ariano	0	2	2	-1.0	0.0	0.002936857562408223	0.0	1.0	-inf	0.30445100224307287
flor	0	6	6	-1.0	0.0	0.00881057268722467	0.44840874464360553	0.5030915863515149	-inf	0.30445100224307314
vida	0	6	6	-1.0	0.0	0.00881057268722467	0.44840874464360553	0.5030915863515149	-inf	0.30445100224307314
mão	0	5	5	-1.0	0.0	0.007342143906020558	0.26593541690818434	0.6060714542353747	-inf	0.30445100224307314
cirurgia	0	2	2	-1.0	0.0	0.002936857562408223	0.0	1.0	-inf	0.30445100224307287
poeta	0	11	11	-1.0	0.0	0.016152716593245228	1.516853226130393	0.2180963157133286	-inf	0.30445100224307287
tomás	0	9	9	-1.0	0.0	0.013215859030837005	1.0713651757765925	0.30063728844183724	-inf	0.30445100224307287
machado	0	4	4	-1.0	0.0	0.005873715124816446	0.1110740227854269	0.738924673793631	-inf	0.30445100224307287
assis	0	2	2	-1.0	0.0	0.002936857562408223	0.0	1.0	-inf	0.30445100224307287
dostoievski	0	2	2	-1.0	0.0	0.002936857562408223	0.0	1.0	-inf	0.30445100224307287
médico	0	11	11	-1.0	0.0	0.016152716593245228	1.516853226130393	0.2180963157133286	-inf	0.30445100224307287
cronista	0	22	22	-1.0	0.0	0.032305433186490456	4.115338849359361	0.04249601134628679	-inf	0.30445100224307287
sensibilidade	0	3	3	-1.0	0.0	0.004405286343612335	0.010869199479975274	0.9169666285568563	-inf	0.30445100224307314
milagre	0	3	3	-1.0	0.0	0.004405286343612335	0.010869199479975274	0.9169666285568563	-inf	0.30445100224307314
condição	0	2	2	-1.0	0.0	0.002936857562408223	0.0	1.0	-inf	0.30445100224307287
conselheiro	0	2	2	-1.0	0.0	0.002936857562408223	0.0	1.0	-inf	0.30445100224307287
obra	0	2	2	-1.0	0.0	0.002936857562408223	0.0	1.0	-inf	0.30445100224307287
hermilo	0	3	3	-1.0	0.0	0.004405286343612335	0.010869199479975274	0.9169666285568563	-inf	0.30445100224307314
claro	0	3	3	-1.0	0.0	0.004405286343612335	0.010869199479975274	0.9169666285568563	-inf	0.30445100224307314
mário	0	1	1	0.0	0.0	0.0	0.0	0.0	-inf	0.30445100224307287
renato	0	2	2	-1.0	0.0	0.002936857562408223	0.0	1.0	-inf	0.30445100224307287
notável	0	1	1	0.0	0.0	0.0	0.0	0.0	-inf	0.30445100224307287
misturar	0	5	5	-1.0	0.0	0.007342143906020558	0.26593541690818434	0.6060714542353747	-inf	0.30445100224307314
colocar	0	1	1	0.0	0.0	0.0	0.0	0.0	-inf	0.30445100224307287
poder	0	16	16	-1.0	0.0	0.023494860499265784	2.6765758286680126	0.10183448140536602	-inf	0.30445100224307287
leitor	0	41	41	-1.0	0.0	0.06020558002936858	8.869947818804059	0.0028990342789750366	-inf	0.30445100224307287
forma	0	9	9	-1.0	0.0	0.013215859030837005	1.0713651757765925	0.30063728844183724	-inf	0.30445100224307287
criação	0	8	8	-1.0	0.0	0.011747430249632892	0.8556293528562307	0.3549646835490331	-inf	0.30445100224307287
imaginação	0	8	8	-1.0	0.0	0.011747430249632892	0.8556293528562307	0.3549646835490331	-inf	0.30445100224307287
escritor	0	19	19	-1.0	0.0	0.027900146842878122	3.3910975907221115	0.06554930086595248	-inf	0.30445100224307314
jornalista	0	7	7	-1.0	0.0	0.010279001468428781	0.6469046132665924	0.42122153981261423	-inf	0.30445100224307287
pródigo	0	8	8	-1.0	0.0	0.011747430249632892	0.8556293528562307	0.3549646835490331	-inf	0.30445100224307287
ligação	0	6	6	-1.0	0.0	0.00881057268722467	0.44840874464360553	0.5030915863515149	-inf	0.30445100224307314
coruja	0	21	21	-1.0	0.0	0.030837004405286344	3.8729570709759766	0.04906999426565827	-inf	0.30445100224307314
constatar	0	3	3	-1.0	0.0	0.004405286343612335	0.010869199479975274	0.9169666285568563	-inf	0.30445100224307314
morador	0	6	6	-1.0	0.0	0.00881057268722467	0.44840874464360553	0.5030915863515149	-inf	0.30445100224307314
encontrar	0	5	5	-1.0	0.0	0.007342143906020558	0.26593541690818434	0.6060714542353747	-inf	0.30445100224307314
vizinho	0	5	5	-1.0	0.0	0.007342143906020558	0.26593541690818434	0.6060714542353747	-inf	0.30445100224307314
tártaros	0	4	4	-1.0	0.0	0.005873715124816446	0.1110740227854269	0.738924673793631	-inf	0.30445100224307287
presença	0	2	2	-1.0	0.0	0.002936857562408223	0.0	1.0	-inf	0.30445100224307287
época	0	1	1	0.0	0.0	0.0	0.0	0.0	-inf	0.30445100224307287
josé	0	10	10	-1.0	0.0	0.014684287812041116	1.2921822405046905	0.2556461807086502	-inf	0.30445100224307314
arquidiocesano	0	3	3	-1.0	0.0	0.004405286343612335	0.010869199479975274	0.9169666285568563	-inf	0.30445100224307314
passagem	0	7	7	-1.0	0.0	0.010279001468428781	0.6469046132665924	0.42122153981261423	-inf	0.30445100224307287
conjunto	0	2	2	-1.0	0.0	0.002936857562408223	0.0	1.0	-inf	0.30445100224307287
conversar	0	1	1	0.0	0.0	0.0	0.0	0.0	-inf	0.30445100224307287
jovem	0	10	10	-1.0	0.0	0.014684287812041116	1.2921822405046905	0.2556461807086502	-inf	0.30445100224307314
ponte	0	1	1	0.0	0.0	0.0	0.0	0.0	-inf	0.30445100224307287
grandioso	0	2	2	-1.0	0.0	0.002936857562408223	0.0	1.0	-inf	0.30445100224307287
romancista	0	9	9	-1.0	0.0	0.013215859030837005	1.0713651757765925	0.30063728844183724	-inf	0.30445100224307287
partir	0	2	2	-1.0	0.0	0.002936857562408223	0.0	1.0	-inf	0.30445100224307287
retorno	0	2	2	-1.0	0.0	0.002936857562408223	0.0	1.0	-inf	0.30445100224307287
conto	0	3	3	-1.0	0.0	0.004405286343612335	0.010869199479975274	0.9169666285568563	-inf	0.30445100224307314
novela	0	2	2	-1.0	0.0	0.002936857562408223	0.0	1.0	-inf	0.30445100224307287
livro	0	2	2	-1.0	0.0	0.002936857562408223	0.0	1.0	-inf	0.30445100224307287
curiosidade	0	2	2	-1.0	0.0	0.002936857562408223	0.0	1.0	-inf	0.30445100224307287
1	0	28	28	-1.0	0.0	0.041116005873715125	5.587601377904219	0.018088048719870436	-inf	0.30445100224307287
editora	0	16	16	-1.0	0.0	0.023494860499265784	2.6765758286680126	0.10183448140536602	-inf	0.30445100224307287
autor	0	15	15	-1.0	0.0	0.022026431718061675	2.4410046516911224	0.11820050097622956	-inf	0.30445100224307314
expor	0	9	9	-1.0	0.0	0.013215859030837005	1.0713651757765925	0.30063728844183724	-inf	0.30445100224307287
sentimento	0	32	32	-1.0	0.0	0.04698972099853157	6.5846653697131625	0.010286095023229072	-inf	0.30445100224307287
arte	0	17	17	-1.0	0.0	0.024963289280469897	2.913530682180196	0.08783938443416593	-inf	0.30445100224307287
antecipadora	0	7	7	-1.0	0.0	0.010279001468428781	0.6469046132665924	0.42122153981261423	-inf	0.30445100224307287
escolar	0	7	7	-1.0	0.0	0.010279001468428781	0.6469046132665924	0.42122153981261423	-inf	0.30445100224307287
cognome	0	2	2	-1.0	0.0	0.002936857562408223	0.0	1.0	-inf	0.30445100224307287
arierep	0	2	2	-1.0	0.0	0.002936857562408223	0.0	1.0	-inf	0.30445100224307287
dor	0	12	12	-1.0	0.0	0.01762114537444934	1.7445606196365737	0.1865620020567524	-inf	0.30445100224307314
amor	0	11	11	-1.0	0.0	0.016152716593245228	1.516853226130393	0.2180963157133286	-inf	0.30445100224307287
ouvir	0	10	10	-1.0	0.0	0.014684287812041116	1.2921822405046905	0.2556461807086502	-inf	0.30445100224307314
pendor	0	8	8	-1.0	0.0	0.011747430249632892	0.8556293528562307	0.3549646835490331	-inf	0.30445100224307287
palavra	0	16	16	-1.0	0.0	0.023494860499265784	2.6765758286680126	0.10183448140536602	-inf	0.30445100224307287
lição	0	9	9	-1.0	0.0	0.013215859030837005	1.0713651757765925	0.30063728844183724	-inf	0.30445100224307287
início	0	9	9	-1.0	0.0	0.013215859030837005	1.0713651757765925	0.30063728844183724	-inf	0.30445100224307287
vendedor	0	14	14	-1.0	0.0	0.020558002936857563	2.206985479710305	0.1373869040898333	-inf	0.30445100224307287
peixe	0	4	4	-1.0	0.0	0.005873715124816446	0.1110740227854269	0.738924673793631	-inf	0.30445100224307287
produto	0	2	2	-1.0	0.0	0.002936857562408223	0.0	1.0	-inf	0.30445100224307287
cioba	0	4	4	-1.0	0.0	0.005873715124816446	0.1110740227854269	0.738924673793631	-inf	0.30445100224307287
fruto	0	2	2	-1.0	0.0	0.002936857562408223	0.0	1.0	-inf	0.30445100224307287
trabalho	0	2	2	-1.0	0.0	0.002936857562408223	0.0	1.0	-inf	0.30445100224307287
ator	0	4	4	-1.0	0.0	0.005873715124816446	0.1110740227854269	0.738924673793631	-inf	0.30445100224307287
cenário	0	2	2	-1.0	0.0	0.002936857562408223	0.0	1.0	-inf	0.30445100224307287
escrevo	0	1	1	0.0	0.0	0.0	0.0	0.0	-inf	0.30445100224307287
ter	0	6	6	-1.0	0.0	0.00881057268722467	0.44840874464360553	0.5030915863515149	-inf	0.30445100224307314
velho	0	5	5	-1.0	0.0	0.007342143906020558	0.26593541690818434	0.6060714542353747	-inf	0.30445100224307314
sorriir	0	4	4	-1.0	0.0	0.005873715124816446	0.1110740227854269	0.738924673793631	-inf	0.30445100224307287
lembrança	0	5	5	-1.0	0.0	0.007342143906020558	0.26593541690818434	0.6060714542353747	-inf	0.30445100224307314
conseguir	0	2	2	-1.0	0.0	0.002936857562408223	0.0	1.0	-inf	0.30445100224307287
cidadão	0	3	3	-1.0	0.0	0.004405286343612335	0.010869199479975274	0.9169666285568563	-inf	0.30445100224307314
resistência	0	8	8	-1.0	0.0	0.011747430249632892	0.8556293528562307	0.3549646835490331	-inf	0.30445100224307287
são	0	11	11	-1.0	0.0	0.016152716593245228	1.516853226130393	0.2180963157133286	-inf	0.30445100224307287
dentista	0	2	2	-1.0	0.0	0.002936857562408223	0.0	1.0	-inf	0.30445100224307287
presenteado	0	1	1	0.0	0.0	0.0	0.0	0.0	-inf	0.30445100224307287
guardar	0	1	1	0.0	0.0	0.0	0.0	0.0	-inf	0.30445100224307287
dono	0	2	2	-1.0	0.0	0.002936857562408223	0.0	1.0	-inf	0.30445100224307287
aposentado	0	4	4	-1.0	0.0	0.005873715124816446	0.1110740227854269	0.738924673793631	-inf	0.30445100224307287
ocupado	0	4	4	-1.0	0.0	0.005873715124816446	0.1110740227854269	0.738924673793631	-inf	0.30445100224307287
tomar	0	4	4	-1.0	0.0	0.005873715124816446	0.1110740227854269	0.738924673793631	-inf	0.30445100224307287
povo	0	10	10	-1.0	0.0	0.014684287812041116	1.2921822405046905	0.2556461807086502	-inf	0.30445100224307314
andar	0	3	3	-1.0	0.0	0.004405286343612335	0.010869199479975274	0.9169666285568563	-inf	0.30445100224307314
gosto	0	4	4	-1.0	0.0	0.005873715124816446	0.1110740227854269	0.738924673793631	-inf	0.30445100224307287
geógrafo	0	2	2	-1.0	0.0	0.002936857562408223	0.0	1.0	-inf	0.30445100224307287
gilberto	0	8	8	-1.0	0.0	0.011747430249632892	0.8556293528562307	0.3549646835490331	-inf	0.30445100224307287
espanhol	0	6	6	-1.0	0.0	0.00881057268722467	0.44840874464360553	0.5030915863515149	-inf	0.30445100224307314
casado	0	1	1	0.0	0.0	0.0	0.0	0.0	-inf	0.30445100224307287
descrever	0	1	1	0.0	0.0	0.0	0.0	0.0	-inf	0.30445100224307287
kleber	0	2	2	-1.0	0.0	0.002936857562408223	0.0	1.0	-inf	0.30445100224307287
painel	0	6	6	-1.0	0.0	0.00881057268722467	0.44840874464360553	0.5030915863515149	-inf	0.30445100224307314
lula	0	5	5	-1.0	0.0	0.007342143906020558	0.26593541690818434	0.6060714542353747	-inf	0.30445100224307314
entrada	0	2	2	-1.0	0.0	0.002936857562408223	0.0	1.0	-inf	0.30445100224307287
depoimento	0	2	2	-1.0	0.0	0.002936857562408223	0.0	1.0	-inf	0.30445100224307287
luiz	0	11	11	-1.0	0.0	0.016152716593245228	1.516853226130393	0.2180963157133286	-inf	0.30445100224307287
saudades	0	1	1	0.0	0.0	0.0	0.0	0.0	-inf	0.30445100224307287
aventura	0	2	2	-1.0	0.0	0.002936857562408223	0.0	1.0	-inf	0.30445100224307287
herói	0	5	5	-1.0	0.0	0.007342143906020558	0.26593541690818434	0.6060714542353747	-inf	0.30445100224307314
desamor	0	1	1	0.0	0.0	0.0	0.0	0.0	-inf	0.30445100224307287
restar	0	1	1	0.0	0.0	0.0	0.0	0.0	-inf	0.30445100224307287
prefeito	0	1	1	0.0	0.0	0.0	0.0	0.0	-inf	0.30445100224307287
freqüentar	0	1	1	0.0	0.0	0.0	0.0	0.0	-inf	0.30445100224307287
professor	0	15	15	-1.0	0.0	0.022026431718061675	2.4410046516911224	0.11820050097622956	-inf	0.30445100224307314
aluno	0	28	28	-1.0	0.0	0.041116005873715125	5.587601377904219	0.018088048719870436	-inf	0.30445100224307287
possibilidade	0	4	4	-1.0	0.0	0.005873715124816446	0.1110740227854269	0.738924673793631	-inf	0.30445100224307287
ninar	0	2	2	-1.0	0.0	0.002936857562408223	0.0	1.0	-inf	0.30445100224307287
mauro	0	4	4	-1.0	0.0	0.005873715124816446	0.1110740227854269	0.738924673793631	-inf	0.30445100224307287
rio	0	2	2	-1.0	0.0	0.002936857562408223	0.0	1.0	-inf	0.30445100224307287
fiz	0	11	11	-1.0	0.0	0.016152716593245228	1.516853226130393	0.2180963157133286	-inf	0.30445100224307287
marista	0	4	4	-1.0	0.0	0.005873715124816446	0.1110740227854269	0.738924673793631	-inf	0.30445100224307287
salesiano	0	16	16	-1.0	0.0	0.023494860499265784	2.6765758286680126	0.10183448140536602	-inf	0.30445100224307287
padre	0	14	14	-1.0	0.0	0.020558002936857563	2.206985479710305	0.1373869040898333	-inf	0.30445100224307287
nóbrega	0	2	2	-1.0	0.0	0.002936857562408223	0.0	1.0	-inf	0.30445100224307287
beira	0	2	2	-1.0	0.0	0.002936857562408223	0.0	1.0	-inf	0.30445100224307287
felix	0	2	2	-1.0	0.0	0.002936857562408223	0.0	1.0	-inf	0.30445100224307287
conduzir	0	3	3	-1.0	0.0	0.004405286343612335	0.010869199479975274	0.9169666285568563	-inf	0.30445100224307314
automóvel	0	3	3	-1.0	0.0	0.004405286343612335	0.010869199479975274	0.9169666285568563	-inf	0.30445100224307314
distração	0	4	4	-1.0	0.0	0.005873715124816446	0.1110740227854269	0.738924673793631	-inf	0.30445100224307287
burgueses	0	8	8	-1.0	0.0	0.011747430249632892	0.8556293528562307	0.3549646835490331	-inf	0.30445100224307287
primeiro	0	4	4	-1.0	0.0	0.005873715124816446	0.1110740227854269	0.738924673793631	-inf	0.30445100224307287
bicicleta	0	2	2	-1.0	0.0	0.002936857562408223	0.0	1.0	-inf	0.30445100224307287
adaptar	0	1	1	0.0	0.0	0.0	0.0	0.0	-inf	0.30445100224307287
mascate	0	1	1	0.0	0.0	0.0	0.0	0.0	-inf	0.30445100224307287
server	0	4	4	-1.0	0.0	0.005873715124816446	0.1110740227854269	0.738924673793631	-inf	0.30445100224307287
pobre	0	19	19	-1.0	0.0	0.027900146842878122	3.3910975907221115	0.06554930086595248	-inf	0.30445100224307314
fígado	0	6	6	-1.0	0.0	0.00881057268722467	0.44840874464360553	0.5030915863515149	-inf	0.30445100224307314
bacalhau	0	3	3	-1.0	0.0	0.004405286343612335	0.010869199479975274	0.9169666285568563	-inf	0.30445100224307314
feijão	0	3	3	-1.0	0.0	0.004405286343612335	0.010869199479975274	0.9169666285568563	-inf	0.30445100224307314
alemão	0	7	7	-1.0	0.0	0.010279001468428781	0.6469046132665924	0.42122153981261423	-inf	0.30445100224307287
gritar	0	2	2	-1.0	0.0	0.002936857562408223	0.0	1.0	-inf	0.30445100224307287
interlocutor	0	2	2	-1.0	0.0	0.002936857562408223	0.0	1.0	-inf	0.30445100224307287
marré	0	18	18	-1.0	0.0	0.02643171806167401	3.1517387746145693	0.07584610263775542	-inf	0.30445100224307287
linguagem	0	2	2	-1.0	0.0	0.002936857562408223	0.0	1.0	-inf	0.30445100224307287
gustavo	0	3	3	-1.0	0.0	0.004405286343612335	0.010869199479975274	0.9169666285568563	-inf	0.30445100224307314
lágrimas	0	1	1	0.0	0.0	0.0	0.0	0.0	-inf	0.30445100224307287
mandar	0	1	1	0.0	0.0	0.0	0.0	0.0	-inf	0.30445100224307287
burgomestre	0	1	1	0.0	0.0	0.0	0.0	0.0	-inf	0.30445100224307287
preocupação	0	2	2	-1.0	0.0	0.002936857562408223	0.0	1.0	-inf	0.30445100224307287
alcaide	0	5	5	-1.0	0.0	0.007342143906020558	0.26593541690818434	0.6060714542353747	-inf	0.30445100224307314
distante	0	2	2	-1.0	0.0	0.002936857562408223	0.0	1.0	-inf	0.30445100224307287
música	0	2	2	-1.0	0.0	0.002936857562408223	0.0	1.0	-inf	0.30445100224307287
cantata	0	4	4	-1.0	0.0	0.005873715124816446	0.1110740227854269	0.738924673793631	-inf	0.30445100224307287
empregado	0	4	4	-1.0	0.0	0.005873715124816446	0.1110740227854269	0.738924673793631	-inf	0.30445100224307287
construção	0	4	4	-1.0	0.0	0.005873715124816446	0.1110740227854269	0.738924673793631	-inf	0.30445100224307287
joão	0	22	22	-1.0	0.0	0.032305433186490456	4.115338849359361	0.04249601134628679	-inf	0.30445100224307287
feirante	0	2	2	-1.0	0.0	0.002936857562408223	0.0	1.0	-inf	0.30445100224307287
criminoso	0	2	2	-1.0	0.0	0.002936857562408223	0.0	1.0	-inf	0.30445100224307287
caráter	0	2	2	-1.0	0.0	0.002936857562408223	0.0	1.0	-inf	0.30445100224307287
identificar	0	3	3	-1.0	0.0	0.004405286343612335	0.010869199479975274	0.9169666285568563	-inf	0.30445100224307314
vila	0	6	6	-1.0	0.0	0.00881057268722467	0.44840874464360553	0.5030915863515149	-inf	0.30445100224307314
wagner	0	2	2	-1.0	0.0	0.002936857562408223	0.0	1.0	-inf	0.30445100224307287
sogro	0	4	4	-1.0	0.0	0.005873715124816446	0.1110740227854269	0.738924673793631	-inf	0.30445100224307287
armando	0	3	3	-1.0	0.0	0.004405286343612335	0.010869199479975274	0.9169666285568563	-inf	0.30445100224307314
iniciativa	0	2	2	-1.0	0.0	0.002936857562408223	0.0	1.0	-inf	0.30445100224307287
aproximar se	0	1	1	0.0	0.0	0.0	0.0	0.0	-inf	0.30445100224307287
vagabundo	0	1	1	0.0	0.0	0.0	0.0	0.0	-inf	0.30445100224307287
ajeitar se	0	1	1	0.0	0.0	0.0	0.0	0.0	-inf	0.30445100224307287
cão	0	1	1	0.0	0.0	0.0	0.0	0.0	-inf	0.30445100224307287
nômade	0	1	1	0.0	0.0	0.0	0.0	0.0	-inf	0.30445100224307287
idade	0	2	2	-1.0	0.0	0.002936857562408223	0.0	1.0	-inf	0.30445100224307287
alevantar	0	2	2	-1.0	0.0	0.002936857562408223	0.0	1.0	-inf	0.30445100224307287
moço	0	8	8	-1.0	0.0	0.011747430249632892	0.8556293528562307	0.3549646835490331	-inf	0.30445100224307287
forasteiro	0	11	11	-1.0	0.0	0.016152716593245228	1.516853226130393	0.2180963157133286	-inf	0.30445100224307287
acordo	0	2	2	-1.0	0.0	0.002936857562408223	0.0	1.0	-inf	0.30445100224307287
sair	0	1	1	0.0	0.0	0.0	0.0	0.0	-inf	0.30445100224307287
freqüência	0	2	2	-1.0	0.0	0.002936857562408223	0.0	1.0	-inf	0.30445100224307287
constante	0	1	1	0.0	0.0	0.0	0.0	0.0	-inf	0.30445100224307287
vigia	0	1	1	0.0	0.0	0.0	0.0	0.0	-inf	0.30445100224307287
jantar	0	4	4	-1.0	0.0	0.005873715124816446	0.1110740227854269	0.738924673793631	-inf	0.30445100224307287
tocar	0	1	1	0.0	0.0	0.0	0.0	0.0	-inf	0.30445100224307287
músico	0	1	1	0.0	0.0	0.0	0.0	0.0	-inf	0.30445100224307287
consagrar	0	8	8	-1.0	0.0	0.011747430249632892	0.8556293528562307	0.3549646835490331	-inf	0.30445100224307287
nelson	0	16	16	-1.0	0.0	0.023494860499265784	2.6765758286680126	0.10183448140536602	-inf	0.30445100224307287
letra	0	8	8	-1.0	0.0	0.011747430249632892	0.8556293528562307	0.3549646835490331	-inf	0.30445100224307287
empedernido	0	1	1	0.0	0.0	0.0	0.0	0.0	-inf	0.30445100224307287
burguese	0	3	3	-1.0	0.0	0.004405286343612335	0.010869199479975274	0.9169666285568563	-inf	0.30445100224307314
remediado	0	1	1	0.0	0.0	0.0	0.0	0.0	-inf	0.30445100224307287
hão	0	1	1	0.0	0.0	0.0	0.0	0.0	-inf	0.30445100224307287
sofrer	0	2	2	-1.0	0.0	0.002936857562408223	0.0	1.0	-inf	0.30445100224307287
macho	0	3	3	-1.0	0.0	0.004405286343612335	0.010869199479975274	0.9169666285568563	-inf	0.30445100224307314
atitude	0	2	2	-1.0	0.0	0.002936857562408223	0.0	1.0	-inf	0.30445100224307287
estar	0	3	3	-1.0	0.0	0.004405286343612335	0.010869199479975274	0.9169666285568563	-inf	0.30445100224307314
companheiro	0	1	1	0.0	0.0	0.0	0.0	0.0	-inf	0.30445100224307287
dir	0	2	2	-1.0	0.0	0.002936857562408223	0.0	1.0	-inf	0.30445100224307287
gonzaga	0	2	2	-1.0	0.0	0.002936857562408223	0.0	1.0	-inf	0.30445100224307287
gostar	0	1	1	0.0	0.0	0.0	0.0	0.0	-inf	0.30445100224307287
diabo	0	3	3	-1.0	0.0	0.004405286343612335	0.010869199479975274	0.9169666285568563	-inf	0.30445100224307314
braço	0	2	2	-1.0	0.0	0.002936857562408223	0.0	1.0	-inf	0.30445100224307287
morpheu	0	2	2	-1.0	0.0	0.002936857562408223	0.0	1.0	-inf	0.30445100224307287
tipo	0	2	2	-1.0	0.0	0.002936857562408223	0.0	1.0	-inf	0.30445100224307287
lombroso	0	3	3	-1.0	0.0	0.004405286343612335	0.010869199479975274	0.9169666285568563	-inf	0.30445100224307314
paixão	0	1	1	0.0	0.0	0.0	0.0	0.0	-inf	0.30445100224307287
criador	0	5	5	-1.0	0.0	0.007342143906020558	0.26593541690818434	0.6060714542353747	-inf	0.30445100224307314
justa	0	5	5	-1.0	0.0	0.007342143906020558	0.26593541690818434	0.6060714542353747	-inf	0.30445100224307314
duvidar	0	1	1	0.0	0.0	0.0	0.0	0.0	-inf	0.30445100224307287
coisa	0	1	1	0.0	0.0	0.0	0.0	0.0	-inf	0.30445100224307287
casamento	0	2	2	-1.0	0.0	0.002936857562408223	0.0	1.0	-inf	0.30445100224307287
amiga	0	2	2	-1.0	0.0	0.002936857562408223	0.0	1.0	-inf	0.30445100224307287
indaguei	0	2	2	-1.0	0.0	0.002936857562408223	0.0	1.0	-inf	0.30445100224307287
flanelinha	0	2	2	-1.0	0.0	0.002936857562408223	0.0	1.0	-inf	0.30445100224307287
conhecido	0	1	1	0.0	0.0	0.0	0.0	0.0	-inf	0.30445100224307287
contar	0	1	1	0.0	0.0	0.0	0.0	0.0	-inf	0.30445100224307287
secretário	0	1	1	0.0	0.0	0.0	0.0	0.0	-inf	0.30445100224307287
ligar	0	2	2	-1.0	0.0	0.002936857562408223	0.0	1.0	-inf	0.30445100224307287
telefonema	0	2	2	-1.0	0.0	0.002936857562408223	0.0	1.0	-inf	0.30445100224307287
criatura	0	3	3	-1.0	0.0	0.004405286343612335	0.010869199479975274	0.9169666285568563	-inf	0.30445100224307314
namorado	0	1	1	0.0	0.0	0.0	0.0	0.0	-inf	0.30445100224307287
andré	0	2	2	-1.0	0.0	0.002936857562408223	0.0	1.0	-inf	0.30445100224307287
americano	0	5	5	-1.0	0.0	0.007342143906020558	0.26593541690818434	0.6060714542353747	-inf	0.30445100224307314
virou	0	1	1	0.0	0.0	0.0	0.0	0.0	-inf	0.30445100224307287
pediatra	0	1	1	0.0	0.0	0.0	0.0	0.0	-inf	0.30445100224307287
isolar	0	1	1	0.0	0.0	0.0	0.0	0.0	-inf	0.30445100224307287
adolescente	0	1	1	0.0	0.0	0.0	0.0	0.0	-inf	0.30445100224307287
rigidez	0	2	2	-1.0	0.0	0.002936857562408223	0.0	1.0	-inf	0.30445100224307287
irmão	0	15	15	-1.0	0.0	0.022026431718061675	2.4410046516911224	0.11820050097622956	-inf	0.30445100224307314
felinto	0	6	6	-1.0	0.0	0.00881057268722467	0.44840874464360553	0.5030915863515149	-inf	0.30445100224307314
aula	0	2	2	-1.0	0.0	0.002936857562408223	0.0	1.0	-inf	0.30445100224307287
exigente	0	1	1	0.0	0.0	0.0	0.0	0.0	-inf	0.30445100224307287
preleção	0	2	2	-1.0	0.0	0.002936857562408223	0.0	1.0	-inf	0.30445100224307287
ler	0	1	1	0.0	0.0	0.0	0.0	0.0	-inf	0.30445100224307287
mozar	0	3	3	-1.0	0.0	0.004405286343612335	0.010869199479975274	0.9169666285568563	-inf	0.30445100224307314
caminho	0	1	1	0.0	0.0	0.0	0.0	0.0	-inf	0.30445100224307287
apelido	0	2	2	-1.0	0.0	0.002936857562408223	0.0	1.0	-inf	0.30445100224307287
grito	0	2	2	-1.0	0.0	0.002936857562408223	0.0	1.0	-inf	0.30445100224307287
refrega	0	3	3	-1.0	0.0	0.004405286343612335	0.010869199479975274	0.9169666285568563	-inf	0.30445100224307314
torcida	0	1	1	0.0	0.0	0.0	0.0	0.0	-inf	0.30445100224307287
urubu	0	4	4	-1.0	0.0	0.005873715124816446	0.1110740227854269	0.738924673793631	-inf	0.30445100224307287
papo	0	2	2	-1.0	0.0	0.002936857562408223	0.0	1.0	-inf	0.30445100224307287
soldado	0	3	3	-1.0	0.0	0.004405286343612335	0.010869199479975274	0.9169666285568563	-inf	0.30445100224307314
número	0	2	2	-1.0	0.0	0.002936857562408223	0.0	1.0	-inf	0.30445100224307287
cristo	0	4	4	-1.0	0.0	0.005873715124816446	0.1110740227854269	0.738924673793631	-inf	0.30445100224307287
dirigia-se	0	1	1	0.0	0.0	0.0	0.0	0.0	-inf	0.30445100224307287
secção	0	2	2	-1.0	0.0	0.002936857562408223	0.0	1.0	-inf	0.30445100224307287
berestein	0	4	4	-1.0	0.0	0.005873715124816446	0.1110740227854269	0.738924673793631	-inf	0.30445100224307287
sobrenome	0	4	4	-1.0	0.0	0.005873715124816446	0.1110740227854269	0.738924673793631	-inf	0.30445100224307287
meninada	0	9	9	-1.0	0.0	0.013215859030837005	1.0713651757765925	0.30063728844183724	-inf	0.30445100224307287
morro	0	6	6	-1.0	0.0	0.00881057268722467	0.44840874464360553	0.5030915863515149	-inf	0.30445100224307314
desespero	0	4	4	-1.0	0.0	0.005873715124816446	0.1110740227854269	0.738924673793631	-inf	0.30445100224307287
mulherada	0	2	2	-1.0	0.0	0.002936857562408223	0.0	1.0	-inf	0.30445100224307287
walter	0	8	8	-1.0	0.0	0.011747430249632892	0.8556293528562307	0.3549646835490331	-inf	0.30445100224307287
apresentação	0	1	1	0.0	0.0	0.0	0.0	0.0	-inf	0.30445100224307287
ensaio	0	1	1	0.0	0.0	0.0	0.0	0.0	-inf	0.30445100224307287
dose	0	2	2	-1.0	0.0	0.002936857562408223	0.0	1.0	-inf	0.30445100224307287
cinzano	0	2	2	-1.0	0.0	0.002936857562408223	0.0	1.0	-inf	0.30445100224307287
noivo	0	3	3	-1.0	0.0	0.004405286343612335	0.010869199479975274	0.9169666285568563	-inf	0.30445100224307314
colega	0	5	5	-1.0	0.0	0.007342143906020558	0.26593541690818434	0.6060714542353747	-inf	0.30445100224307314
pecado	0	1	1	0.0	0.0	0.0	0.0	0.0	-inf	0.30445100224307287
prosador	0	4	4	-1.0	0.0	0.005873715124816446	0.1110740227854269	0.738924673793631	-inf	0.30445100224307287
vez	0	2	2	-1.0	0.0	0.002936857562408223	0.0	1.0	-inf	0.30445100224307287
estreante	0	2	2	-1.0	0.0	0.002936857562408223	0.0	1.0	-inf	0.30445100224307287
ficção	0	1	1	0.0	0.0	0.0	0.0	0.0	-inf	0.30445100224307287
face	0	2	2	-1.0	0.0	0.002936857562408223	0.0	1.0	-inf	0.30445100224307287
contemporâneo	0	3	3	-1.0	0.0	0.004405286343612335	0.010869199479975274	0.9169666285568563	-inf	0.30445100224307314
riso	0	1	1	0.0	0.0	0.0	0.0	0.0	-inf	0.30445100224307287
encontrar se	0	1	1	0.0	0.0	0.0	0.0	0.0	-inf	0.30445100224307287
álvaro	0	6	6	-1.0	0.0	0.00881057268722467	0.44840874464360553	0.5030915863515149	-inf	0.30445100224307314
olinda	0	1	1	0.0	0.0	0.0	0.0	0.0	-inf	0.30445100224307287
dia	0	1	1	0.0	0.0	0.0	0.0	0.0	-inf	0.30445100224307287
calçada	0	1	1	0.0	0.0	0.0	0.0	0.0	-inf	0.30445100224307287
altar	0	1	1	0.0	0.0	0.0	0.0	0.0	-inf	0.30445100224307287
velhos	0	2	2	-1.0	0.0	0.002936857562408223	0.0	1.0	-inf	0.30445100224307287
juventude	0	3	3	-1.0	0.0	0.004405286343612335	0.010869199479975274	0.9169666285568563	-inf	0.30445100224307314
victor	0	2	2	-1.0	0.0	0.002936857562408223	0.0	1.0	-inf	0.30445100224307287
antepassado	0	3	3	-1.0	0.0	0.004405286343612335	0.010869199479975274	0.9169666285568563	-inf	0.30445100224307314
século	0	1	1	0.0	0.0	0.0	0.0	0.0	-inf	0.30445100224307287
canela	0	2	2	-1.0	0.0	0.002936857562408223	0.0	1.0	-inf	0.30445100224307287
basta	0	2	2	-1.0	0.0	0.002936857562408223	0.0	1.0	-inf	0.30445100224307287
guilherme	0	1	1	0.0	0.0	0.0	0.0	0.0	-inf	0.30445100224307287
fenelon/	0	1	1	0.0	0.0	0.0	0.0	0.0	-inf	0.30445100224307287
desejo	0	5	5	-1.0	0.0	0.007342143906020558	0.26593541690818434	0.6060714542353747	-inf	0.30445100224307314
colombina	0	12	12	-1.0	0.0	0.01762114537444934	1.7445606196365737	0.1865620020567524	-inf	0.30445100224307314
devaneio	0	4	4	-1.0	0.0	0.005873715124816446	0.1110740227854269	0.738924673793631	-inf	0.30445100224307287
pierrôs	0	2	2	-1.0	0.0	0.002936857562408223	0.0	1.0	-inf	0.30445100224307287
certo	0	2	2	-1.0	0.0	0.002936857562408223	0.0	1.0	-inf	0.30445100224307287
fantasma	0	6	6	-1.0	0.0	0.00881057268722467	0.44840874464360553	0.5030915863515149	-inf	0.30445100224307314
vagar	0	1	1	0.0	0.0	0.0	0.0	0.0	-inf	0.30445100224307287
perpetuidade	0	2	2	-1.0	0.0	0.002936857562408223	0.0	1.0	-inf	0.30445100224307287
dançar	0	2	2	-1.0	0.0	0.002936857562408223	0.0	1.0	-inf	0.30445100224307287
palhaço	0	16	16	-1.0	0.0	0.023494860499265784	2.6765758286680126	0.10183448140536602	-inf	0.30445100224307287
bola	0	4	4	-1.0	0.0	0.005873715124816446	0.1110740227854269	0.738924673793631	-inf	0.30445100224307287
branco	0	4	4	-1.0	0.0	0.005873715124816446	0.1110740227854269	0.738924673793631	-inf	0.30445100224307287
amarelo	0	2	2	-1.0	0.0	0.002936857562408223	0.0	1.0	-inf	0.30445100224307287
negritude	0	2	2	-1.0	0.0	0.002936857562408223	0.0	1.0	-inf	0.30445100224307287
luto	0	2	2	-1.0	0.0	0.002936857562408223	0.0	1.0	-inf	0.30445100224307287
perda	0	3	3	-1.0	0.0	0.004405286343612335	0.010869199479975274	0.9169666285568563	-inf	0.30445100224307314
fantasia	0	2	2	-1.0	0.0	0.002936857562408223	0.0	1.0	-inf	0.30445100224307287
capitão	0	2	2	-1.0	0.0	0.002936857562408223	0.0	1.0	-inf	0.30445100224307287
harumi	0	2	2	-1.0	0.0	0.002936857562408223	0.0	1.0	-inf	0.30445100224307287
folia	0	2	2	-1.0	0.0	0.002936857562408223	0.0	1.0	-inf	0.30445100224307287
momo	0	4	4	-1.0	0.0	0.005873715124816446	0.1110740227854269	0.738924673793631	-inf	0.30445100224307287
fim	0	1	1	0.0	0.0	0.0	0.0	0.0	-inf	0.30445100224307287
festa	0	1	1	0.0	0.0	0.0	0.0	0.0	-inf	0.30445100224307287
presente	0	3	3	-1.0	0.0	0.004405286343612335	0.010869199479975274	0.9169666285568563	-inf	0.30445100224307314
guedes	0	5	5	-1.0	0.0	0.007342143906020558	0.26593541690818434	0.6060714542353747	-inf	0.30445100224307314
melhor	0	1	1	0.0	0.0	0.0	0.0	0.0	-inf	0.30445100224307287
pastorinha	0	10	10	-1.0	0.0	0.014684287812041116	1.2921822405046905	0.2556461807086502	-inf	0.30445100224307314
dama	0	4	4	-1.0	0.0	0.005873715124816446	0.1110740227854269	0.738924673793631	-inf	0.30445100224307287
rasguei	0	2	2	-1.0	0.0	0.002936857562408223	0.0	1.0	-inf	0.30445100224307287
hino	0	2	2	-1.0	0.0	0.002936857562408223	0.0	1.0	-inf	0.30445100224307287
camélias	0	4	4	-1.0	0.0	0.005873715124816446	0.1110740227854269	0.738924673793631	-inf	0.30445100224307287
minha	0	1	1	0.0	0.0	0.0	0.0	0.0	-inf	0.30445100224307287
carnaval	0	1	1	0.0	0.0	0.0	0.0	0.0	-inf	0.30445100224307287
alto	0	1	1	0.0	0.0	0.0	0.0	0.0	-inf	0.30445100224307287
preso	0	9	9	-1.0	0.0	0.013215859030837005	1.0713651757765925	0.30063728844183724	-inf	0.30445100224307287
cela	0	1	1	0.0	0.0	0.0	0.0	0.0	-inf	0.30445100224307287
liberdade	0	1	1	0.0	0.0	0.0	0.0	0.0	-inf	0.30445100224307287
adeus	0	1	1	0.0	0.0	0.0	0.0	0.0	-inf	0.30445100224307287
afagar	0	1	1	0.0	0.0	0.0	0.0	0.0	-inf	0.30445100224307287
manto	0	1	1	0.0	0.0	0.0	0.0	0.0	-inf	0.30445100224307287
exigir	0	1	1	0.0	0.0	0.0	0.0	0.0	-inf	0.30445100224307287
motorista	0	1	1	0.0	0.0	0.0	0.0	0.0	-inf	0.30445100224307287
exercer	0	1	1	0.0	0.0	0.0	0.0	0.0	-inf	0.30445100224307287
quatrocentão	0	1	1	0.0	0.0	0.0	0.0	0.0	-inf	0.30445100224307287
conheci	0	1	1	0.0	0.0	0.0	0.0	0.0	-inf	0.30445100224307287
pessoa	0	9	9	-1.0	0.0	0.013215859030837005	1.0713651757765925	0.30063728844183724	-inf	0.30445100224307287
leitora	0	6	6	-1.0	0.0	0.00881057268722467	0.44840874464360553	0.5030915863515149	-inf	0.30445100224307314
ganho	0	2	2	-1.0	0.0	0.002936857562408223	0.0	1.0	-inf	0.30445100224307287
surpresa	0	1	1	0.0	0.0	0.0	0.0	0.0	-inf	0.30445100224307287
rodolfo	0	6	6	-1.0	0.0	0.00881057268722467	0.44840874464360553	0.5030915863515149	-inf	0.30445100224307314
saudação	0	2	2	-1.0	0.0	0.002936857562408223	0.0	1.0	-inf	0.30445100224307287
vester	0	1	1	0.0	0.0	0.0	0.0	0.0	-inf	0.30445100224307287
encarnado	0	10	10	-1.0	0.0	0.014684287812041116	1.2921822405046905	0.2556461807086502	-inf	0.30445100224307314
forte	0	1	1	0.0	0.0	0.0	0.0	0.0	-inf	0.30445100224307287
saia	0	2	2	-1.0	0.0	0.002936857562408223	0.0	1.0	-inf	0.30445100224307287
ocasião	0	1	1	0.0	0.0	0.0	0.0	0.0	-inf	0.30445100224307287
janela	0	1	1	0.0	0.0	0.0	0.0	0.0	-inf	0.30445100224307287
aparição	0	1	1	0.0	0.0	0.0	0.0	0.0	-inf	0.30445100224307287
pureza	0	1	1	0.0	0.0	0.0	0.0	0.0	-inf	0.30445100224307287
blusa	0	1	1	0.0	0.0	0.0	0.0	0.0	-inf	0.30445100224307287
núcleo	0	2	2	-1.0	0.0	0.002936857562408223	0.0	1.0	-inf	0.30445100224307287
saúde	0	2	2	-1.0	0.0	0.002936857562408223	0.0	1.0	-inf	0.30445100224307287
olivetti	0	3	3	-1.0	0.0	0.004405286343612335	0.010869199479975274	0.9169666285568563	-inf	0.30445100224307314
abandono	0	1	1	0.0	0.0	0.0	0.0	0.0	-inf	0.30445100224307287
civilização	0	10	10	-1.0	0.0	0.014684287812041116	1.2921822405046905	0.2556461807086502	-inf	0.30445100224307314
misto	0	4	4	-1.0	0.0	0.005873715124816446	0.1110740227854269	0.738924673793631	-inf	0.30445100224307287
mar	0	3	3	-1.0	0.0	0.004405286343612335	0.010869199479975274	0.9169666285568563	-inf	0.30445100224307314
campo	0	2	2	-1.0	0.0	0.002936857562408223	0.0	1.0	-inf	0.30445100224307287
cima	0	2	2	-1.0	0.0	0.002936857562408223	0.0	1.0	-inf	0.30445100224307287
flertes	0	1	1	0.0	0.0	0.0	0.0	0.0	-inf	0.30445100224307287
traçar	0	1	1	0.0	0.0	0.0	0.0	0.0	-inf	0.30445100224307287
retrato	0	1	1	0.0	0.0	0.0	0.0	0.0	-inf	0.30445100224307287
dc3	0	3	3	-1.0	0.0	0.004405286343612335	0.010869199479975274	0.9169666285568563	-inf	0.30445100224307314
razão	0	1	1	0.0	0.0	0.0	0.0	0.0	-inf	0.30445100224307287
convidar	0	1	1	0.0	0.0	0.0	0.0	0.0	-inf	0.30445100224307287
nativo	0	10	10	-1.0	0.0	0.014684287812041116	1.2921822405046905	0.2556461807086502	-inf	0.30445100224307314
veranista	0	9	9	-1.0	0.0	0.013215859030837005	1.0713651757765925	0.30063728844183724	-inf	0.30445100224307287
chamar	0	2	2	-1.0	0.0	0.002936857562408223	0.0	1.0	-inf	0.30445100224307287
antanhos	0	4	4	-1.0	0.0	0.005873715124816446	0.1110740227854269	0.738924673793631	-inf	0.30445100224307287
bandeira	0	10	10	-1.0	0.0	0.014684287812041116	1.2921822405046905	0.2556461807086502	-inf	0.30445100224307314
povoado	0	1	1	0.0	0.0	0.0	0.0	0.0	-inf	0.30445100224307287
desfilar	0	1	1	0.0	0.0	0.0	0.0	0.0	-inf	0.30445100224307287
traje	0	4	4	-1.0	0.0	0.005873715124816446	0.1110740227854269	0.738924673793631	-inf	0.30445100224307287
falante	0	1	1	0.0	0.0	0.0	0.0	0.0	-inf	0.30445100224307287
população	0	2	2	-1.0	0.0	0.002936857562408223	0.0	1.0	-inf	0.30445100224307287
transeunte	0	2	2	-1.0	0.0	0.002936857562408223	0.0	1.0	-inf	0.30445100224307287
lugar	0	2	2	-1.0	0.0	0.002936857562408223	0.0	1.0	-inf	0.30445100224307287
respeito	0	1	1	0.0	0.0	0.0	0.0	0.0	-inf	0.30445100224307287
fugir	0	1	1	0.0	0.0	0.0	0.0	0.0	-inf	0.30445100224307287
viajante	0	1	1	0.0	0.0	0.0	0.0	0.0	-inf	0.30445100224307287
despeder	0	1	1	0.0	0.0	0.0	0.0	0.0	-inf	0.30445100224307287
viandante	0	6	6	-1.0	0.0	0.00881057268722467	0.44840874464360553	0.5030915863515149	-inf	0.30445100224307314
árvore	0	1	1	0.0	0.0	0.0	0.0	0.0	-inf	0.30445100224307287
água	0	1	1	0.0	0.0	0.0	0.0	0.0	-inf	0.30445100224307287
direção	0	1	1	0.0	0.0	0.0	0.0	0.0	-inf	0.30445100224307287
fundura	0	1	1	0.0	0.0	0.0	0.0	0.0	-inf	0.30445100224307287
escriba	0	3	3	-1.0	0.0	0.004405286343612335	0.010869199479975274	0.9169666285568563	-inf	0.30445100224307314
entoar	0	1	1	0.0	0.0	0.0	0.0	0.0	-inf	0.30445100224307287
/	0	4	4	-1.0	0.0	0.005873715124816446	0.1110740227854269	0.738924673793631	-inf	0.30445100224307287
oferecer	0	1	1	0.0	0.0	0.0	0.0	0.0	-inf	0.30445100224307287
parceiro	0	8	8	-1.0	0.0	0.011747430249632892	0.8556293528562307	0.3549646835490331	-inf	0.30445100224307287
loira	0	3	3	-1.0	0.0	0.004405286343612335	0.010869199479975274	0.9169666285568563	-inf	0.30445100224307314
embalo	0	1	1	0.0	0.0	0.0	0.0	0.0	-inf	0.30445100224307287
trinar	0	2	2	-1.0	0.0	0.002936857562408223	0.0	1.0	-inf	0.30445100224307287
pássaro	0	2	2	-1.0	0.0	0.002936857562408223	0.0	1.0	-inf	0.30445100224307287
calma	0	2	2	-1.0	0.0	0.002936857562408223	0.0	1.0	-inf	0.30445100224307287
amante	0	3	3	-1.0	0.0	0.004405286343612335	0.010869199479975274	0.9169666285568563	-inf	0.30445100224307314
leu	0	1	1	0.0	0.0	0.0	0.0	0.0	-inf	0.30445100224307287
tumba	0	2	2	-1.0	0.0	0.002936857562408223	0.0	1.0	-inf	0.30445100224307287
funcionário	0	1	1	0.0	0.0	0.0	0.0	0.0	-inf	0.30445100224307287
éter	0	4	4	-1.0	0.0	0.005873715124816446	0.1110740227854269	0.738924673793631	-inf	0.30445100224307287
desconhecido	0	2	2	-1.0	0.0	0.002936857562408223	0.0	1.0	-inf	0.30445100224307287
circular	0	1	1	0.0	0.0	0.0	0.0	0.0	-inf	0.30445100224307287
passeio	0	2	2	-1.0	0.0	0.002936857562408223	0.0	1.0	-inf	0.30445100224307287
darwin	0	3	3	-1.0	0.0	0.004405286343612335	0.010869199479975274	0.9169666285568563	-inf	0.30445100224307314
rincão	0	1	1	0.0	0.0	0.0	0.0	0.0	-inf	0.30445100224307287
chegar	0	1	1	0.0	0.0	0.0	0.0	0.0	-inf	0.30445100224307287
boêmio	0	1	1	0.0	0.0	0.0	0.0	0.0	-inf	0.30445100224307287
noite	0	2	2	-1.0	0.0	0.002936857562408223	0.0	1.0	-inf	0.30445100224307287
aprender	0	2	2	-1.0	0.0	0.002936857562408223	0.0	1.0	-inf	0.30445100224307287
senhor	0	2	2	-1.0	0.0	0.002936857562408223	0.0	1.0	-inf	0.30445100224307287
testando	0	1	1	0.0	0.0	0.0	0.0	0.0	-inf	0.30445100224307287
capacidade	0	2	2	-1.0	0.0	0.002936857562408223	0.0	1.0	-inf	0.30445100224307287
momento	0	2	2	-1.0	0.0	0.002936857562408223	0.0	1.0	-inf	0.30445100224307287
executar	0	1	1	0.0	0.0	0.0	0.0	0.0	-inf	0.30445100224307287
gardel	0	1	1	0.0	0.0	0.0	0.0	0.0	-inf	0.30445100224307287
zona	0	2	2	-1.0	0.0	0.002936857562408223	0.0	1.0	-inf	0.30445100224307287
antônio	0	2	2	-1.0	0.0	0.002936857562408223	0.0	1.0	-inf	0.30445100224307287
incitar	0	1	1	0.0	0.0	0.0	0.0	0.0	-inf	0.30445100224307287
vontade	0	2	2	-1.0	0.0	0.002936857562408223	0.0	1.0	-inf	0.30445100224307287
freguês	0	2	2	-1.0	0.0	0.002936857562408223	0.0	1.0	-inf	0.30445100224307287
incluído	0	1	1	0.0	0.0	0.0	0.0	0.0	-inf	0.30445100224307287
retomo	0	1	1	0.0	0.0	0.0	0.0	0.0	-inf	0.30445100224307287
sylvio	0	3	3	-1.0	0.0	0.004405286343612335	0.010869199479975274	0.9169666285568563	-inf	0.30445100224307314
digressão	0	1	1	0.0	0.0	0.0	0.0	0.0	-inf	0.30445100224307287
rebuscar	0	1	1	0.0	0.0	0.0	0.0	0.0	-inf	0.30445100224307287
jorge	0	3	3	-1.0	0.0	0.004405286343612335	0.010869199479975274	0.9169666285568563	-inf	0.30445100224307314
quarto	0	2	2	-1.0	0.0	0.002936857562408223	0.0	1.0	-inf	0.30445100224307287
foto	0	1	1	0.0	0.0	0.0	0.0	0.0	-inf	0.30445100224307287
imitar	0	1	1	0.0	0.0	0.0	0.0	0.0	-inf	0.30445100224307287
sr.	0	4	4	-1.0	0.0	0.005873715124816446	0.1110740227854269	0.738924673793631	-inf	0.30445100224307287
fidalgo	0	2	2	-1.0	0.0	0.002936857562408223	0.0	1.0	-inf	0.30445100224307287
distância	0	1	1	0.0	0.0	0.0	0.0	0.0	-inf	0.30445100224307287
parisienses	0	1	1	0.0	0.0	0.0	0.0	0.0	-inf	0.30445100224307287
quebrar	0	1	1	0.0	0.0	0.0	0.0	0.0	-inf	0.30445100224307287
bisavô	0	4	4	-1.0	0.0	0.005873715124816446	0.1110740227854269	0.738924673793631	-inf	0.30445100224307287
avô	0	2	2	-1.0	0.0	0.002936857562408223	0.0	1.0	-inf	0.30445100224307287
débâcle	0	1	1	0.0	0.0	0.0	0.0	0.0	-inf	0.30445100224307287
orgulho	0	2	2	-1.0	0.0	0.002936857562408223	0.0	1.0	-inf	0.30445100224307287
provinciano	0	7	7	-1.0	0.0	0.010279001468428781	0.6469046132665924	0.42122153981261423	-inf	0.30445100224307287
lado	0	1	1	0.0	0.0	0.0	0.0	0.0	-inf	0.30445100224307287
canal	0	1	1	0.0	0.0	0.0	0.0	0.0	-inf	0.30445100224307287
mancha	0	1	1	0.0	0.0	0.0	0.0	0.0	-inf	0.30445100224307287
assistir	0	1	1	0.0	0.0	0.0	0.0	0.0	-inf	0.30445100224307287
geração	0	3	3	-1.0	0.0	0.004405286343612335	0.010869199479975274	0.9169666285568563	-inf	0.30445100224307314
sessentono	0	2	2	-1.0	0.0	0.002936857562408223	0.0	1.0	-inf	0.30445100224307287
engrandecer	0	1	1	0.0	0.0	0.0	0.0	0.0	-inf	0.30445100224307287
poema	0	1	1	0.0	0.0	0.0	0.0	0.0	-inf	0.30445100224307287
navegador	0	4	4	-1.0	0.0	0.005873715124816446	0.1110740227854269	0.738924673793631	-inf	0.30445100224307287
vicente	0	10	10	-1.0	0.0	0.014684287812041116	1.2921822405046905	0.2556461807086502	-inf	0.30445100224307314
aproximação	0	6	6	-1.0	0.0	0.00881057268722467	0.44840874464360553	0.5030915863515149	-inf	0.30445100224307314
devoção	0	8	8	-1.0	0.0	0.011747430249632892	0.8556293528562307	0.3549646835490331	-inf	0.30445100224307287
dar	0	1	1	0.0	0.0	0.0	0.0	0.0	-inf	0.30445100224307287
pensar	0	1	1	0.0	0.0	0.0	0.0	0.0	-inf	0.30445100224307287
questão	0	1	1	0.0	0.0	0.0	0.0	0.0	-inf	0.30445100224307287
tratei	0	3	3	-1.0	0.0	0.004405286343612335	0.010869199479975274	0.9169666285568563	-inf	0.30445100224307314
governo	0	9	9	-1.0	0.0	0.013215859030837005	1.0713651757765925	0.30063728844183724	-inf	0.30445100224307287
acadêmico	0	2	2	-1.0	0.0	0.002936857562408223	0.0	1.0	-inf	0.30445100224307287
idéia	0	1	1	0.0	0.0	0.0	0.0	0.0	-inf	0.30445100224307287
templo	0	1	1	0.0	0.0	0.0	0.0	0.0	-inf	0.30445100224307287
matar	0	2	2	-1.0	0.0	0.002936857562408223	0.0	1.0	-inf	0.30445100224307287
idoso	0	1	1	0.0	0.0	0.0	0.0	0.0	-inf	0.30445100224307287
suceder	0	1	1	0.0	0.0	0.0	0.0	0.0	-inf	0.30445100224307287
cirurgião	0	4	4	-1.0	0.0	0.005873715124816446	0.1110740227854269	0.738924673793631	-inf	0.30445100224307287
programa	0	1	1	0.0	0.0	0.0	0.0	0.0	-inf	0.30445100224307287
transplante	0	1	1	0.0	0.0	0.0	0.0	0.0	-inf	0.30445100224307287
doador	0	1	1	0.0	0.0	0.0	0.0	0.0	-inf	0.30445100224307287
universal	0	1	1	0.0	0.0	0.0	0.0	0.0	-inf	0.30445100224307287
pequeno	0	1	1	0.0	0.0	0.0	0.0	0.0	-inf	0.30445100224307287
punir	0	1	1	0.0	0.0	0.0	0.0	0.0	-inf	0.30445100224307287
estabelecimento	0	1	1	0.0	0.0	0.0	0.0	0.0	-inf	0.30445100224307287
retratar	0	1	1	0.0	0.0	0.0	0.0	0.0	-inf	0.30445100224307287
virtuoso	0	1	1	0.0	0.0	0.0	0.0	0.0	-inf	0.30445100224307287
personagem	0	2	2	-1.0	0.0	0.002936857562408223	0.0	1.0	-inf	0.30445100224307287
teatro	0	1	1	0.0	0.0	0.0	0.0	0.0	-inf	0.30445100224307287
romance	0	1	1	0.0	0.0	0.0	0.0	0.0	-inf	0.30445100224307287
égua	0	2	2	-1.0	0.0	0.002936857562408223	0.0	1.0	-inf	0.30445100224307287
filhote	0	2	2	-1.0	0.0	0.002936857562408223	0.0	1.0	-inf	0.30445100224307287
enganar	0	1	1	0.0	0.0	0.0	0.0	0.0	-inf	0.30445100224307287
herbívoro	0	4	4	-1.0	0.0	0.005873715124816446	0.1110740227854269	0.738924673793631	-inf	0.30445100224307287
chão	0	1	1	0.0	0.0	0.0	0.0	0.0	-inf	0.30445100224307287
palha	0	1	1	0.0	0.0	0.0	0.0	0.0	-inf	0.30445100224307287
resto	0	1	1	0.0	0.0	0.0	0.0	0.0	-inf	0.30445100224307287
seguir	0	1	1	0.0	0.0	0.0	0.0	0.0	-inf	0.30445100224307287
rebanho	0	1	1	0.0	0.0	0.0	0.0	0.0	-inf	0.30445100224307287
perfume	0	2	2	-1.0	0.0	0.002936857562408223	0.0	1.0	-inf	0.30445100224307287
cajueiro	0	5	5	-1.0	0.0	0.007342143906020558	0.26593541690818434	0.6060714542353747	-inf	0.30445100224307314
acompanhado	0	1	1	0.0	0.0	0.0	0.0	0.0	-inf	0.30445100224307287
bom	0	1	1	0.0	0.0	0.0	0.0	0.0	-inf	0.30445100224307287
reaparecer	0	1	1	0.0	0.0	0.0	0.0	0.0	-inf	0.30445100224307287
candeeiro	0	1	1	0.0	0.0	0.0	0.0	0.0	-inf	0.30445100224307287
encarregado	0	2	2	-1.0	0.0	0.002936857562408223	0.0	1.0	-inf	0.30445100224307287
chave	0	1	1	0.0	0.0	0.0	0.0	0.0	-inf	0.30445100224307287
demorar	0	1	1	0.0	0.0	0.0	0.0	0.0	-inf	0.30445100224307287
liquidificador	0	1	1	0.0	0.0	0.0	0.0	0.0	-inf	0.30445100224307287
estado	0	1	1	0.0	0.0	0.0	0.0	0.0	-inf	0.30445100224307287
pernambuco	0	1	1	0.0	0.0	0.0	0.0	0.0	-inf	0.30445100224307287
cibeal	0	2	2	-1.0	0.0	0.002936857562408223	0.0	1.0	-inf	0.30445100224307287
contador	0	2	2	-1.0	0.0	0.002936857562408223	0.0	1.0	-inf	0.30445100224307287
relógio	0	2	2	-1.0	0.0	0.002936857562408223	0.0	1.0	-inf	0.30445100224307287
perna	0	2	2	-1.0	0.0	0.002936857562408223	0.0	1.0	-inf	0.30445100224307287
incauto	0	3	3	-1.0	0.0	0.004405286343612335	0.010869199479975274	0.9169666285568563	-inf	0.30445100224307314
calaram-se	0	1	1	0.0	0.0	0.0	0.0	0.0	-inf	0.30445100224307287
verso	0	2	2	-1.0	0.0	0.002936857562408223	0.0	1.0	-inf	0.30445100224307287
pílulas	0	2	2	-1.0	0.0	0.002936857562408223	0.0	1.0	-inf	0.30445100224307287
doutor	0	4	4	-1.0	0.0	0.005873715124816446	0.1110740227854269	0.738924673793631	-inf	0.30445100224307287
cinema	0	1	1	0.0	0.0	0.0	0.0	0.0	-inf	0.30445100224307287
desenho	0	4	4	-1.0	0.0	0.005873715124816446	0.1110740227854269	0.738924673793631	-inf	0.30445100224307287
tome	0	2	2	-1.0	0.0	0.002936857562408223	0.0	1.0	-inf	0.30445100224307287
urudonal	0	3	3	-1.0	0.0	0.004405286343612335	0.010869199479975274	0.9169666285568563	-inf	0.30445100224307314
""""	0	1	1	0.0	0.0	0.0	0.0	0.0	-inf	0.30445100224307287
tornar se	0	1	1	0.0	0.0	0.0	0.0	0.0	-inf	0.30445100224307287
g15	0	1	1	0.0	0.0	0.0	0.0	0.0	-inf	0.30445100224307287
agradar	0	1	1	0.0	0.0	0.0	0.0	0.0	-inf	0.30445100224307287
consumidor	0	1	1	0.0	0.0	0.0	0.0	0.0	-inf	0.30445100224307287
gostoso	0	2	2	-1.0	0.0	0.002936857562408223	0.0	1.0	-inf	0.30445100224307287
tatá	0	2	2	-1.0	0.0	0.002936857562408223	0.0	1.0	-inf	0.30445100224307287
caso	0	4	4	-1.0	0.0	0.005873715124816446	0.1110740227854269	0.738924673793631	-inf	0.30445100224307287
gilvan	0	4	4	-1.0	0.0	0.005873715124816446	0.1110740227854269	0.738924673793631	-inf	0.30445100224307287
vi	0	1	1	0.0	0.0	0.0	0.0	0.0	-inf	0.30445100224307287
escorial	0	1	1	0.0	0.0	0.0	0.0	0.0	-inf	0.30445100224307287
frase	0	2	2	-1.0	0.0	0.002936857562408223	0.0	1.0	-inf	0.30445100224307287
parágrafo	0	1	1	0.0	0.0	0.0	0.0	0.0	-inf	0.30445100224307287
trair	0	1	1	0.0	0.0	0.0	0.0	0.0	-inf	0.30445100224307287
revoltoso	0	3	3	-1.0	0.0	0.004405286343612335	0.010869199479975274	0.9169666285568563	-inf	0.30445100224307314
cidade	0	2	2	-1.0	0.0	0.002936857562408223	0.0	1.0	-inf	0.30445100224307287
consultório	0	2	2	-1.0	0.0	0.002936857562408223	0.0	1.0	-inf	0.30445100224307287
tio	0	3	3	-1.0	0.0	0.004405286343612335	0.010869199479975274	0.9169666285568563	-inf	0.30445100224307314
sertã	0	1	1	0.0	0.0	0.0	0.0	0.0	-inf	0.30445100224307287
cortejo	0	2	2	-1.0	0.0	0.002936857562408223	0.0	1.0	-inf	0.30445100224307287
prática	0	2	2	-1.0	0.0	0.002936857562408223	0.0	1.0	-inf	0.30445100224307287
hipócrates	0	3	3	-1.0	0.0	0.004405286343612335	0.010869199479975274	0.9169666285568563	-inf	0.30445100224307314
fato	0	1	1	0.0	0.0	0.0	0.0	0.0	-inf	0.30445100224307287
